fold,train_folds,val_fold,test_fold,test_loss,test_acc,macro_auc,macro_f1_fixed,macro_f1_opt,micro_f1_opt,opt_th_NORM,opt_th_MI,opt_th_STTC,opt_th_CD,opt_th_HYP,auc_NORM,auc_MI,auc_STTC,auc_CD,auc_HYP,f1_NORM,f1_MI,f1_STTC,f1_CD,f1_HYP
1,"[1, 2, 3, 4, 5, 6, 7, 8]",9,10,0.5492271184921265,0.8542311191558838,0.9282450868076486,0.7256225190594328,0.7580039252265715,0.7838665759019742,0.49,0.69,0.5700000000000001,0.6,0.8099999999999999,0.9500893378906168,0.9277504413062666,0.9347569064124884,0.919388006519844,0.909240741909028,0.8555722138930535,0.7514262428687857,0.7857142857142857,0.7623862487360971,0.6349206349206349
2,"[2, 3, 4, 5, 6, 7, 8, 9]",10,1,0.5022096037864685,0.8739310503005981,0.9405157739748358,0.7514781896600459,0.7662698938765966,0.7920689655172414,0.61,0.55,0.61,0.7,0.59,0.955588767335688,0.9374934186500335,0.94123872746935,0.9418456236638056,0.9264123327553015,0.8691588785046729,0.782312925170068,0.7769784172661871,0.768595041322314,0.6343042071197411
3,"[3, 4, 5, 6, 7, 8, 9, 10]",1,2,0.4893805980682373,0.8747363686561584,0.9442659776932404,0.7495010257114025,0.7619790881664896,0.7940850277264325,0.63,0.6,0.74,0.9,0.79,0.9677359451691656,0.9437548504752618,0.9433677159586672,0.9386524995137132,0.9278188773493938,0.8922594142259415,0.7597340930674265,0.7521367521367521,0.759493670886076,0.6462715105162524
4,"[4, 5, 6, 7, 8, 9, 10, 1]",2,3,0.4928688406944275,0.875547468662262,0.9417360481120018,0.7470936967024976,0.7678548664831685,0.7963536291709666,0.48,0.52,0.64,0.59,0.74,0.9618212538995842,0.9458941123980188,0.9363611627328042,0.9319407227203478,0.9326629888092544,0.8835186080231996,0.7856502242152467,0.7335766423357665,0.7674897119341564,0.6690391459074733
5,"[5, 6, 7, 8, 9, 10, 1, 2]",3,4,0.4817342162132263,0.8807727694511414,0.945115497107034,0.759862747638453,0.7699667063327963,0.8012048192771084,0.45,0.59,0.65,0.66,0.82,0.9608415104557302,0.9465420514764504,0.9344872915968196,0.947304559475612,0.9364020725305584,0.8725241239207719,0.7930131004366813,0.7520585544373285,0.8020408163265306,0.6301969365426696
6,"[6, 7, 8, 9, 10, 1, 2, 3]",4,5,0.501800537109375,0.8800367712974548,0.943032509818283,0.7607309654247792,0.7648143566510603,0.7960251046025104,0.58,0.74,0.62,0.58,0.7,0.9670422061543634,0.9420557821284178,0.9353964997756266,0.9514314756430468,0.9192365853899602,0.886565603763722,0.7739665787159191,0.7584973166368515,0.7940298507462686,0.61101243339254
7,"[7, 8, 9, 10, 1, 2, 3, 4]",5,6,0.5018987059593201,0.8771284222602844,0.9428273785170986,0.7579569402359772,0.7711131280671941,0.7968833008677174,0.55,0.63,0.65,0.77,0.6799999999999999,0.9618482858848261,0.9451192977108005,0.9328094777562862,0.9467776510502444,0.9275821801833364,0.8764519535374868,0.7839453458582408,0.7611111111111111,0.7802786709539121,0.6537785588752196
8,"[8, 9, 10, 1, 2, 3, 4, 5]",6,7,0.49105098843574524,0.8755514621734619,0.9436993757316998,0.7554643597426777,0.7613819573520921,0.7915924474527966,0.55,0.63,0.61,0.73,0.82,0.9620257817442,0.9399753997539975,0.927893905611297,0.9468523145615566,0.9417494769874477,0.8757033248081841,0.7890410958904109,0.7328767123287672,0.7714285714285715,0.6378600823045267
9,"[9, 10, 1, 2, 3, 4, 5, 6]",7,8,0.4826144576072693,0.8758398294448853,0.9456130304625174,0.7567172925680639,0.7791632719449487,0.8033826638477801,0.6,0.66,0.7,0.5700000000000001,0.7,0.9626944904600678,0.9521366938371816,0.9457715608530759,0.9419697915004135,0.9254926156618484,0.8734042553191489,0.8044596912521441,0.7711301044634378,0.7801556420233463,0.6666666666666666
10,"[10, 1, 2, 3, 4, 5, 6, 7]",8,9,0.5621737241744995,0.8725606799125671,0.9318396394109808,0.7461742067184236,0.7480747827171385,0.7789170714157223,0.71,0.74,0.72,0.59,0.74,0.948894043010386,0.9402921485088254,0.9359001647898929,0.9292055627363685,0.9049062780094307,0.8531827515400411,0.7529182879377432,0.7612781954887218,0.7662082514734774,0.6067864271457086
