fold,train_folds,val_fold,test_fold,test_loss,test_acc,macro_auc,macro_f1_fixed,macro_f1_opt,micro_f1_opt,auc_NORM,auc_MI,auc_STTC,auc_CD,auc_HYP,th_NORM,th_MI,th_STTC,th_CD,th_HYP
1,"[1, 2, 3, 4, 5, 6, 7, 8]",9,10,0.6073387265205383,0.8397634029388428,0.9097453379661626,0.6984095038554896,0.7214498103236162,0.7559380378657488,0.938062145538781,0.8917586054721978,0.9338767587216454,0.8933050775179106,0.8917241025802788,0.54,0.61,0.62,0.8,0.64
2,"[2, 3, 4, 5, 6, 7, 8, 9]",10,1,0.553371012210846,0.8564597964286804,0.9260443281404622,0.722552055541537,0.7324944165864911,0.763610818405339,0.9471194762684124,0.9130343216000466,0.9350995072483148,0.9237691055872876,0.91119922999825,0.72,0.45,0.73,0.61,0.7
3,"[3, 4, 5, 6, 7, 8, 9, 10]",1,2,0.5359476804733276,0.8558459281921387,0.930236775409597,0.7214182454752442,0.7501951532218871,0.7818279762973603,0.9597891881854068,0.9101064106596196,0.9403651867856468,0.9168328146275044,0.9240902767898074,0.4599999999999999,0.75,0.75,0.5700000000000001,0.8
4,"[4, 5, 6, 7, 8, 9, 10, 1]",2,3,0.5379546284675598,0.8655109405517578,0.9317101572702003,0.7346767438630994,0.7448170410367745,0.7744740045209528,0.955715511207865,0.9387189958479022,0.9273795670725,0.91456701210957,0.9221697001131648,0.58,0.75,0.52,0.73,0.66
5,"[5, 6, 7, 8, 9, 10, 1, 2]",3,4,0.5455621480941772,0.8535418510437012,0.9279412146923728,0.7212829955331385,0.7415879784438981,0.7716960749009723,0.9510229080537628,0.9184007568158716,0.9265382749844752,0.9237432523616734,0.9200008812460818,0.4599999999999999,0.64,0.73,0.76,0.74
6,"[6, 7, 8, 9, 10, 1, 2, 3]",4,5,0.5446229577064514,0.8622815012931824,0.932811506978023,0.7338861598071507,0.7496910678751234,0.7830817830817831,0.9612181104025731,0.9261725283436587,0.9283504895002427,0.9397047656580415,0.9086116409855995,0.59,0.66,0.66,0.69,0.73
7,"[7, 8, 9, 10, 1, 2, 3, 4]",5,6,0.5383208990097046,0.860469400882721,0.9314281668230973,0.7333773400208001,0.7425763247615481,0.7696561257992051,0.9548983987750759,0.9291387502733652,0.9283791563046884,0.9265407643358177,0.918183764426539,0.56,0.67,0.65,0.69,0.58
8,"[8, 9, 10, 1, 2, 3, 4, 5]",6,7,0.5349777340888977,0.8716911673545837,0.9345694027518034,0.7442583742255013,0.7449291430600824,0.7773690663864075,0.960567437725462,0.9282041820418203,0.9240942028985508,0.9376426117854626,0.9223385793077216,0.56,0.56,0.63,0.6799999999999999,0.76
9,"[9, 10, 1, 2, 3, 4, 5, 6]",7,8,0.5342726707458496,0.8617579340934753,0.9332641115542997,0.7332062648911294,0.7554878145739805,0.7863096293669091,0.9565576009932457,0.9348680695292338,0.9404157959297593,0.9240156604421487,0.9104634308771106,0.61,0.75,0.58,0.67,0.71
10,"[10, 1, 2, 3, 4, 5, 6, 7]",8,9,0.6077369451522827,0.8580852150917053,0.9213949957051172,0.7248385934213671,0.7370326651382525,0.7678725982343777,0.9448743967119737,0.9146998489664345,0.9354584363270164,0.9196251615682894,0.8923171349518724,0.51,0.69,0.72,0.64,0.69
