fold,train_folds,val_fold,test_fold,test_loss,test_acc,macro_auc,macro_f1_fixed,macro_f1_opt,micro_f1_opt,opt_th_NORM,auc_NORM,f1_NORM,opt_th_MI,auc_MI,f1_MI,opt_th_STTC,auc_STTC,f1_STTC,opt_th_CD,auc_CD,f1_CD,opt_th_HYP,auc_HYP,f1_HYP
1,"[1, 2, 3, 4, 5, 6, 7, 8]",9,10,0.5404952168464661,0.8667879700660706,0.9306430258018207,0.7375519493231442,0.7549215778003571,0.7848315557812765,0.48,0.9508578539567226,0.8629737609329446,0.44000000000000006,0.9332535304501324,0.7518072289156627,0.53,0.9337760396100797,0.7767527675276753,0.71,0.9234688317349607,0.7620020429009193,0.82,0.9118588732572077,0.6210720887245841
2,"[2, 3, 4, 5, 6, 7, 8, 9]",10,1,0.5219627022743225,0.8675861954689026,0.9377247205210327,0.7412616016570504,0.7634038994411452,0.7914265129682997,0.59,0.9547144456886896,0.8659574468085106,0.76,0.9362947727837934,0.7811080835603996,0.61,0.9393675623202908,0.7682119205298014,0.73,0.9404453040816677,0.7666335650446872,0.7,0.917801517730722,0.6351084812623274
3,"[3, 4, 5, 6, 7, 8, 9, 10]",1,2,0.49586814641952515,0.8810637593269348,0.9440874713225057,0.7565994106450298,0.7637030696820963,0.7943336831059811,0.44000000000000006,0.9668176683947534,0.8863636363636364,0.71,0.9390373036900944,0.7541899441340782,0.58,0.9439677611060179,0.7615593834995467,0.65,0.9393892238864036,0.7759914255091104,0.6799999999999999,0.9312253995352586,0.6404109589041096
4,"[1, 4, 5, 6, 7, 8, 9, 10]",2,3,0.5018522143363953,0.8792883157730103,0.9414912940253902,0.7550510142500529,0.7747941385814026,0.8025632144094216,0.47,0.9639671279651754,0.8917449332674247,0.58,0.9483719405594405,0.7874306839186691,0.61,0.9352530813808756,0.7418244406196214,0.65,0.93291261960534,0.7790575916230367,0.73,0.9269517006161196,0.6739130434782609
5,"[1, 2, 5, 6, 7, 8, 9, 10]",3,4,0.48660942912101746,0.8827046751976013,0.9452946937680426,0.7645627365721852,0.7662053032704877,0.7973140130765153,0.49,0.9611217947886146,0.87735368956743,0.48,0.9470609086934303,0.7790893760539629,0.6799999999999999,0.9353398566077821,0.7518518518518519,0.69,0.9446741854636592,0.7857889237199582,0.79,0.9382767232867274,0.6369426751592356
6,"[1, 2, 3, 6, 7, 8, 9, 10]",4,5,0.5071607828140259,0.879024863243103,0.9420081658135816,0.7554571636438264,0.7600880430643437,0.7940804908861216,0.53,0.9650252443593624,0.8795370857443451,0.77,0.9390844251278675,0.7716105550500455,0.63,0.9355727931277646,0.7547169811320755,0.66,0.9516357318620479,0.8008255933952528,0.69,0.9187226345908655,0.59375
7,"[1, 2, 3, 4, 7, 8, 9, 10]",5,6,0.5043932199478149,0.874183177947998,0.9411548961866691,0.7548372479896222,0.7621646681423448,0.7882270985719262,0.42000000000000004,0.9600351214110848,0.872264631043257,0.6799999999999999,0.9421536986597921,0.7618147448015122,0.63,0.9293612415952842,0.7461883408071749,0.6799999999999999,0.9381994294849691,0.7866531850353893,0.66,0.9360249897822153,0.6439024390243903
8,"[1, 2, 3, 4, 5, 8, 9, 10]",6,7,0.49527600407600403,0.8826286792755127,0.9443255673480996,0.7621024164358218,0.7683519047261378,0.7990135635018496,0.51,0.9651399360585389,0.8826479438314945,0.48,0.9462574080286258,0.7878260869565218,0.65,0.9271727517651431,0.7391688770999116,0.6,0.947433850308756,0.7823275862068966,0.82,0.9356238905794345,0.6497890295358649
9,"[1, 2, 3, 4, 5, 6, 9, 10]",7,8,0.4794766902923584,0.87961345911026,0.9470052856089097,0.7587426716711203,0.7719460736825585,0.8014590932777488,0.44000000000000006,0.9637406494139781,0.8775720164609053,0.64,0.9554369450791811,0.798951048951049,0.58,0.9462183632257022,0.7533783783783784,0.53,0.9433034440397944,0.7967644084934277,0.83,0.9263270262858934,0.6330645161290323
10,"[1, 2, 3, 4, 5, 6, 7, 10]",8,9,0.5499266386032104,0.8716444969177246,0.9328380994946107,0.7491930439381547,0.7548789776883954,0.7835768963117606,0.52,0.9490893122090148,0.8565815324165029,0.5700000000000001,0.9331405964698722,0.745792736935341,0.69,0.9368740272818822,0.7649769585253456,0.61,0.929142132222701,0.7712287712287712,0.83,0.9159444292895834,0.635814889336016
