Model,Superclass,ROC_AUC,F1_Score,Accuracy,Sensitivity,Specificity,PPV,NPV,Threshold,TP,FP,TN,FN
Model 1: Calibrated Baseline,NORM,0.962648773863727,0.880522083350062,0.891719745218873,0.9106957424619866,0.8769230769159764,0.852283770642835,0.9264328485806123,0.6799999999999999,877,152,1083,86
Model 1: Calibrated Baseline,MI,0.944156001765225,0.7845493512252721,0.8858052775209927,0.8309090908939835,0.9041262135867468,0.7430894308822262,0.9412507896339782,0.56,457,158,1490,93
Model 1: Calibrated Baseline,STTC,0.956484765662108,0.803755863531839,0.9049135577756828,0.8214971209055375,0.9308288610558687,0.7867647058678904,0.9437726723038466,0.67,428,116,1561,93
Model 1: Calibrated Baseline,CD,0.9438504510822182,0.8054110251653402,0.914922656956711,0.7802419354681402,0.9541715628616089,0.832258064498231,0.9371032890886491,0.65,387,78,1624,109
Model 1: Calibrated Baseline,HYP,0.9588314617374298,0.7172675471551044,0.9322111009966688,0.7213740457739933,0.96074380164793,0.7132075471428978,0.9622348680757257,0.71,189,76,1860,73
Model 2: Anatomical Multi-Branch,NORM,0.964650783440749,0.8931259357894629,0.9030937215609505,0.9241952232510467,0.8866396761061811,0.8640776698945236,0.9374999999919735,0.6,890,140,1095,73
Model 2: Anatomical Multi-Branch,MI,0.9563095763459841,0.814880420143868,0.9049135577756828,0.8363636363484297,0.9277912621302926,0.7944732296926689,0.9444101297038641,0.71,460,119,1529,90
Model 2: Anatomical Multi-Branch,STTC,0.9518402411764908,0.8065447495562198,0.9085532302051477,0.804222648736963,0.9409660107278417,0.8088803088646934,0.9392857142801233,0.71,419,99,1578,102
Model 2: Anatomical Multi-Branch,CD,0.9436644744323566,0.8120456855380329,0.9176524112788096,0.78830645159701,0.9553466509932119,0.8372591006244698,0.939341421138421,0.69,391,76,1626,105
Model 2: Anatomical Multi-Branch,HYP,0.9464268815847581,0.7017543809728531,0.9226569608693237,0.7633587785968183,0.9442148760281808,0.6493506493295665,0.9671957671906498,0.67,200,108,1828,62
Model 3: Anatomical Territory-Dropout,NORM,0.9469211009791433,0.8606402963536137,0.8653321201052533,0.9491173416308503,0.7999999999935223,0.7872523686409367,0.9527483124305426,0.43000000000000005,914,247,988,49
Model 3: Anatomical Territory-Dropout,MI,0.9243534863195056,0.748874882475758,0.8730664240178659,0.7563636363498842,0.912014563101262,0.7415329768138764,0.9181429444048984,0.61,416,145,1503,134
Model 3: Anatomical Territory-Dropout,STTC,0.9347088359274226,0.7725631718991028,0.8853503184673096,0.8214971209055375,0.9051878354149959,0.7291311754560625,0.942271880813518,0.7,428,159,1518,93
Model 3: Anatomical Territory-Dropout,CD,0.9232710094386112,0.7728155289723819,0.8935395814336055,0.8024193548225319,0.9200940070451229,0.7453183520459679,0.9411057692251136,0.48,398,136,1566,98
Model 3: Anatomical Territory-Dropout,HYP,0.9061317109330642,0.6233333283927778,0.8971792538630702,0.7137404579880251,0.9220041322266426,0.553254437853454,0.9596774193496792,0.61,187,151,1785,75
