Patient_Index,ECG_ID,Primary_Superclass,Original_Diagnoses,Orig_NORM_Prob,CF_NORM_Prob,Diagnostic_Flip_Success,Orig_HR_bpm,CF_HR_bpm,HR_Error_bpm,L1_Edit_Norm,L2_Edit_Norm,Lead_Cosine_Sim,Sparsity_Ratio
1,9,NORM,NORM,0.9840488433837891,0.9689685702323914,True,60.8,60.8,0.0,0.02256341092288494,0.028955750167369843,0.9594578742980957,0.91925
2,38,NORM,NORM,0.9398795366287231,0.9458034038543701,True,72.9,72.9,0.0,0.022791549563407898,0.0293558482080698,0.946955144405365,0.9169166666666667
3,40,NORM,NORM,0.9616785049438477,0.9281918406486511,True,64.1,64.1,0.0,0.022993991151452065,0.02942894585430622,0.9768989682197571,0.9131666666666667
4,57,NORM,NORM,0.9959166049957275,0.9899648427963257,True,65.2,65.2,0.0,0.022420749068260193,0.028737390413880348,0.9665055871009827,0.9209166666666667
5,59,NORM,NORM,0.9838799834251404,0.9850720763206482,True,70.8,70.8,0.0,0.02330200746655464,0.030069924890995026,0.9679484963417053,0.90725
6,63,MI,MI,0.7088326811790466,0.9970563650131226,True,60.5,60.5,0.0,0.04535841941833496,0.08143655955791473,0.8454152941703796,0.749
7,65,CD,CD,0.7815902829170227,0.9942061901092529,True,71.5,65.0,6.5,0.05264539644122124,0.09162747859954834,0.761951744556427,0.6589166666666667
8,75,NORM,NORM,0.9959108233451843,0.9893349409103394,True,51.7,51.7,0.0,0.022641565650701523,0.02884024940431118,0.9631606936454773,0.9186666666666666
9,76,NORM,NORM,0.9962046146392822,0.99101722240448,True,60.2,60.2,0.0,0.022561199963092804,0.02873837761580944,0.9779632091522217,0.9168333333333333
10,79,NORM,NORM,0.9546914100646973,0.9405096173286438,True,59.3,59.3,0.0,0.021937889978289604,0.028005588799715042,0.9690287709236145,0.92875
11,93,NORM,NORM,0.998964786529541,0.99428391456604,True,71.4,71.4,0.0,0.023496845737099648,0.02995489351451397,0.972109854221344,0.9096666666666666
12,100,NORM,NORM,0.9955112338066101,0.9812175035476685,True,62.2,62.2,0.0,0.022359319031238556,0.02854459173977375,0.9687666893005371,0.9226666666666666
13,112,NORM,NORM,0.9959996938705444,0.9870117902755737,True,73.7,71.3,2.4000000000000057,0.021975431591272354,0.02795938029885292,0.972019374370575,0.931
14,115,NORM,NORM,0.989703893661499,0.9774163365364075,True,72.1,72.1,0.0,0.022938046604394913,0.029419701546430588,0.9640044569969177,0.91325
15,116,STTC,STTC,0.6674025058746338,0.9869641065597534,True,73.7,73.7,0.0,0.03594987094402313,0.05872571840882301,0.8350221514701843,0.8035
16,117,NORM,NORM,0.9279702305793762,0.9319449663162231,True,88.4,88.4,0.0,0.02315540239214897,0.029452607035636902,0.9741104245185852,0.9121666666666667
17,119,NORM,NORM,0.974677324295044,0.9777576327323914,True,64.4,64.4,0.0,0.022047098726034164,0.027913635596632957,0.9699272513389587,0.9270833333333334
18,121,NORM,NORM,0.9729039072990417,0.9794045090675354,True,80.3,80.3,0.0,0.02261192910373211,0.028480779379606247,0.9766131043434143,0.9243333333333333
19,122,NORM,NORM,0.998083770275116,0.9901232719421387,True,62.4,62.4,0.0,0.022168634459376335,0.02827361226081848,0.9639262557029724,0.924
20,128,STTC,STTC,0.08204857259988785,0.9669587016105652,True,93.2,93.2,0.0,0.05687297508120537,0.08084774762392044,0.829974353313446,0.5721666666666667
21,129,NORM,NORM,0.9982651472091675,0.9939077496528625,True,62.5,62.5,0.0,0.02212252840399742,0.028262436389923096,0.9684069156646729,0.9255
22,132,NORM,NORM,0.83074551820755,0.9233630895614624,True,80.2,80.3,0.09999999999999432,0.02262130193412304,0.028673402965068817,0.9734708666801453,0.92225
23,157,CD,CD,0.21091358363628387,0.9943653345108032,True,63.0,63.0,0.0,0.05038326978683472,0.07909093797206879,0.8523462414741516,0.6636666666666666
24,160,STTC,STTC,0.10596122592687607,0.9837573766708374,True,54.1,54.0,0.10000000000000142,0.0397556908428669,0.06122521311044693,0.8666704297065735,0.7545
25,162,MI,"MI, STTC, CD, HYP",0.0005367875564843416,0.8277188539505005,True,71.3,55.6,15.699999999999996,0.09555527567863464,0.1413787454366684,0.8758876919746399,0.34708333333333335
26,167,STTC,STTC,0.09147680550813675,0.9927030801773071,True,54.3,54.3,0.0,0.05679779499769211,0.08867395669221878,0.8646156191825867,0.6195
27,172,CD,CD,0.004342264961451292,0.890513002872467,True,20.1,60.0,39.9,0.08525341749191284,0.14078569412231445,0.29250502586364746,0.4900833333333333
28,175,MI,MI,0.5369077324867249,0.9955770373344421,True,55.3,55.3,0.0,0.0479288324713707,0.08546806126832962,0.7985177040100098,0.7279166666666667
29,180,CD,CD,0.0003966786025557667,0.6301759481430054,False,92.7,92.6,0.10000000000000853,0.14858737587928772,0.2311144471168518,0.9052110314369202,0.28258333333333335
30,201,NORM,NORM,0.9964098334312439,0.9893501400947571,True,93.9,93.8,0.10000000000000853,0.023457814007997513,0.029677165672183037,0.9658241868019104,0.9098333333333334
31,203,NORM,NORM,0.9964568614959717,0.9901633262634277,True,55.6,55.6,0.0,0.022326555103063583,0.02850424312055111,0.9629834294319153,0.9236666666666666
32,210,MI,MI,0.3794930875301361,0.9976347088813782,True,76.9,75.1,1.8000000000000114,0.043534982949495316,0.0659523606300354,0.8745377659797668,0.71625
33,218,CD,"NORM, CD",0.8978275060653687,0.9271923303604126,True,86.2,86.2,0.0,0.02371159940958023,0.030262228101491928,0.9804931282997131,0.9069166666666667
34,240,MI,MI,0.6642785668373108,0.9928175806999207,True,49.5,49.5,0.0,0.03855676203966141,0.07228709757328033,0.8381090760231018,0.8044166666666667
35,271,MI,"MI, STTC, HYP",0.0005022161058150232,0.971849262714386,True,93.9,87.7,6.200000000000003,0.09543251246213913,0.1665010154247284,0.6980202198028564,0.47041666666666665
36,274,MI,"MI, STTC, HYP",0.0012574429856613278,0.9631268382072449,True,67.3,67.3,0.0,0.07823096960783005,0.13033170998096466,0.8306707739830017,0.48841666666666667
37,299,STTC,"STTC, HYP",2.9705701308557764e-05,0.41155359148979187,False,72.7,72.7,0.0,0.10067397356033325,0.15763625502586365,0.9009572863578796,0.43425
38,318,STTC,STTC,0.04659799858927727,0.9713020920753479,True,86.8,90.3,3.5,0.048321690410375595,0.08057376742362976,0.8397479057312012,0.712
39,336,STTC,"STTC, HYP",0.0003050000814255327,0.8239836096763611,True,91.1,88.6,2.5,0.11890070885419846,0.186795175075531,0.8542668223381042,0.3319166666666667
40,347,STTC,"STTC, CD, HYP",0.0009003429440781474,0.9336594939231873,True,91.4,91.4,0.0,0.06450808048248291,0.09935596585273743,0.8386161923408508,0.5538333333333333
41,377,CD,CD,0.7234787940979004,0.9903109073638916,True,97.0,97.0,0.0,0.055439721792936325,0.09551669657230377,0.8839254975318909,0.66825
42,378,CD,CD,0.9910955429077148,0.9815913438796997,True,68.8,68.8,0.0,0.023326769471168518,0.029755769297480583,0.982043981552124,0.9109166666666667
43,388,STTC,STTC,0.05659940838813782,0.9873571991920471,True,81.7,81.6,0.10000000000000853,0.04892094433307648,0.0770411565899849,0.8401007652282715,0.6786666666666666
44,400,STTC,STTC,0.5234732031822205,0.9548596143722534,True,71.2,38.8,32.400000000000006,0.040827102959156036,0.07620451599359512,0.6099613308906555,0.7750833333333333
45,427,STTC,STTC,0.3470553457736969,0.9813598990440369,True,79.6,79.6,0.0,0.04821474105119705,0.09013363718986511,0.862949550151825,0.7125
46,430,MI,MI,0.308197021484375,0.9912906885147095,True,55.5,55.5,0.0,0.051116131246089935,0.09017250686883926,0.8972647190093994,0.6946666666666667
47,448,CD,CD,0.161753848195076,0.987818717956543,True,55.4,71.7,16.300000000000004,0.05461656302213669,0.09228206425905228,0.8170683979988098,0.65
48,452,STTC,"STTC, HYP",0.0007857632590457797,0.888991117477417,True,69.0,69.9,0.9000000000000057,0.07607398182153702,0.12555067241191864,0.8928182721138,0.5374166666666667
49,478,CD,"NORM, CD",0.5096925497055054,0.98713618516922,True,65.4,47.2,18.200000000000003,0.059523794800043106,0.1316658854484558,0.7168031334877014,0.6923333333333334
50,499,STTC,STTC,0.06188579648733139,0.9592125415802002,True,52.7,52.7,0.0,0.039666421711444855,0.07634237408638,0.8124330043792725,0.7943333333333333
51,512,MI,"MI, CD",0.0268599484115839,0.9681326746940613,True,44.0,43.9,0.10000000000000142,0.07925066351890564,0.1413644552230835,0.6277520060539246,0.5409166666666667
52,514,MI,MI,0.018501171842217445,0.9622393846511841,True,75.6,52.9,22.699999999999996,0.06783491373062134,0.11781832575798035,0.7208825945854187,0.5955
53,516,STTC,"STTC, HYP",2.892977681767661e-05,0.4406089782714844,False,89.6,89.6,0.0,0.13004820048809052,0.20030981302261353,0.9418546557426453,0.3466666666666667
54,526,MI,MI,0.023429717868566513,0.9872502684593201,True,60.6,60.7,0.10000000000000142,0.051761362701654434,0.09392862766981125,0.8018662929534912,0.6783333333333333
55,527,STTC,"STTC, CD",0.05045710876584053,0.9763690233230591,True,72.4,72.4,0.0,0.04442219063639641,0.07195945829153061,0.8317932486534119,0.7259166666666667
56,534,STTC,"STTC, HYP",0.001235569012351334,0.7805839776992798,False,51.0,51.0,0.0,0.06264849752187729,0.09604071080684662,0.9113059639930725,0.56475
57,564,MI,"MI, STTC",0.0056631057523190975,0.9547154903411865,True,76.1,53.1,22.999999999999993,0.06143083795905113,0.1184033676981926,0.4588431417942047,0.61575
58,569,STTC,"STTC, CD",0.006274975836277008,0.9390096068382263,True,103.4,103.6,0.19999999999998863,0.0742272213101387,0.11335083097219467,0.8582046627998352,0.5098333333333334
59,573,STTC,"STTC, HYP",0.009441599249839783,0.9408632516860962,True,83.6,83.5,0.09999999999999432,0.06707701832056046,0.10618428140878677,0.9033170342445374,0.5844166666666667
60,581,MI,"MI, STTC, CD",0.008245185017585754,0.9517346620559692,True,30.4,43.0,12.600000000000001,0.057711414992809296,0.10129355639219284,0.7399585247039795,0.6019166666666667
61,598,CD,CD,0.0061597698368132114,0.8856146931648254,True,64.9,70.8,5.8999999999999915,0.08572816103696823,0.13149866461753845,0.8525655269622803,0.4675
62,618,CD,CD,0.023270707577466965,0.8732044100761414,True,70.1,70.1,0.0,0.08405854552984238,0.13933424651622772,0.8773055076599121,0.5370833333333334
63,658,CD,CD,0.8402333855628967,0.868911862373352,True,48.4,48.4,0.0,0.021655777469277382,0.027608638629317284,0.9699299335479736,0.9278333333333333
64,685,MI,"MI, CD",0.031144270673394203,0.9669119119644165,True,77.5,77.4,0.09999999999999432,0.09068217873573303,0.16914646327495575,0.6974896788597107,0.52675
65,688,STTC,"STTC, CD",0.01732521876692772,0.9264163970947266,True,68.4,68.4,0.0,0.06291922181844711,0.0994853600859642,0.8056259155273438,0.5896666666666667
66,707,STTC,STTC,0.4244231879711151,0.9454812407493591,True,59.7,52.5,7.200000000000003,0.04342428222298622,0.06743046641349792,0.7670747637748718,0.718
67,723,MI,"MI, STTC",0.044029299169778824,0.9919261932373047,True,74.0,67.3,6.700000000000003,0.06643064320087433,0.11148259788751602,0.8615866303443909,0.5595833333333333
68,726,CD,"NORM, CD",0.5491706728935242,0.9923250079154968,True,80.9,65.6,15.300000000000011,0.05467749387025833,0.0934741273522377,0.7320306301116943,0.6821666666666667
69,765,MI,MI,0.05112302675843239,0.9709967374801636,True,50.2,50.2,0.0,0.046331003308296204,0.06760204583406448,0.7557017207145691,0.6713333333333333
70,789,CD,CD,0.04044907167553902,0.9782774448394775,True,89.9,83.4,6.5,0.05082898959517479,0.08563898503780365,0.8074443340301514,0.6638333333333334
71,799,MI,MI,0.9035286903381348,0.9322364330291748,True,74.2,72.1,2.1000000000000085,0.0228868555277586,0.029160447418689728,0.9762566089630127,0.9145833333333333
72,806,CD,CD,0.3715217411518097,0.9450280666351318,True,68.8,33.7,35.099999999999994,0.05150841921567917,0.09492276608943939,0.2885570824146271,0.6981666666666667
73,821,MI,MI,0.04737614467740059,0.9846290946006775,True,77.6,77.6,0.0,0.056514158844947815,0.10407078266143799,0.7810778617858887,0.6715
74,854,MI,"MI, STTC",0.024748526513576508,0.9555509090423584,True,66.7,29.6,37.1,0.0613396055996418,0.09761527925729752,0.4646333158016205,0.59075
75,931,CD,"NORM, CD",0.9756894111633301,0.9731233716011047,True,60.6,60.6,0.0,0.021762436255812645,0.027755018323659897,0.9688624739646912,0.9305
76,943,MI,"MI, HYP",0.061597246676683426,0.9445884227752686,True,103.2,48.4,54.800000000000004,0.07570711523294449,0.1260388195514679,0.38187742233276367,0.5305
77,950,CD,CD,0.17330801486968994,0.9960756897926331,True,70.6,57.7,12.899999999999991,0.06756805628538132,0.11403941363096237,0.7090296745300293,0.5985
78,959,CD,"MI, CD",0.03542466461658478,0.9612993001937866,True,40.2,40.1,0.10000000000000142,0.04830541834235191,0.0807725265622139,0.4528453052043915,0.6783333333333333
79,975,CD,"MI, CD",0.016883574426174164,0.9367379546165466,True,70.7,28.7,42.0,0.07018938660621643,0.1124788150191307,0.5366457104682922,0.5521666666666667
80,1013,HYP,"STTC, HYP",0.0023363116197288036,0.9895675182342529,True,68.0,68.0,0.0,0.05985698476433754,0.09596053510904312,0.8216013312339783,0.5621666666666667
81,1014,CD,"MI, CD",0.0975472629070282,0.9771212935447693,True,97.2,97.2,0.0,0.046250659972429276,0.07960591465234756,0.8153579235076904,0.7204166666666667
82,1219,HYP,HYP,0.4171407222747803,0.9559916853904724,True,127.9,127.8,0.10000000000000853,0.09663443267345428,0.14862766861915588,0.8279218077659607,0.4175833333333333
83,1307,HYP,HYP,0.7701817154884338,0.9944326281547546,True,70.7,69.6,1.1000000000000085,0.06538151949644089,0.10690417140722275,0.8375476002693176,0.547
84,1320,HYP,"MI, STTC, HYP",0.00046139777987264097,0.9541434645652771,True,61.5,55.8,5.700000000000003,0.11012249439954758,0.17945992946624756,0.8189643025398254,0.4285833333333333
85,1386,HYP,HYP,0.9153537750244141,0.923374354839325,True,63.7,63.7,0.0,0.022903241217136383,0.029236290603876114,0.9810235500335693,0.9166666666666666
86,1426,HYP,"STTC, HYP",0.01102677546441555,0.9511095881462097,True,86.3,83.5,2.799999999999997,0.1346307396888733,0.25102463364601135,0.810740053653717,0.3719166666666667
87,1447,HYP,"MI, HYP",0.9761748909950256,0.9667675495147705,True,74.4,72.1,2.3000000000000114,0.023084843531250954,0.029507413506507874,0.9806113243103027,0.9141666666666667
88,1480,HYP,"MI, STTC, HYP",0.03767348825931549,0.9942495822906494,True,73.3,73.3,0.0,0.05314965918660164,0.09106902033090591,0.8589577674865723,0.6814166666666667
89,1522,HYP,HYP,0.7647331953048706,0.9940766096115112,True,53.8,53.9,0.10000000000000142,0.04839121550321579,0.09524960815906525,0.8560293316841125,0.7535833333333334
90,1534,HYP,HYP,0.8720270395278931,0.8853972554206848,True,71.3,69.0,2.299999999999997,0.02233503758907318,0.028511136770248413,0.9762956500053406,0.92225
91,1556,HYP,"MI, HYP",0.10602991282939911,0.9873840808868408,True,119.5,60.9,58.6,0.08383715897798538,0.1519564539194107,0.5168169140815735,0.5178333333333334
92,1745,HYP,HYP,0.9930108785629272,0.9820869565010071,True,64.7,64.7,0.0,0.021957354620099068,0.027859535068273544,0.9528906345367432,0.9298333333333333
93,1785,HYP,HYP,0.7206364870071411,0.9932705163955688,True,99.0,99.0,0.0,0.08127953857183456,0.12878018617630005,0.8231878280639648,0.5026666666666667
94,1864,HYP,"STTC, HYP",0.00042666110675781965,0.9588831067085266,True,87.8,54.7,33.099999999999994,0.0946071669459343,0.1887553185224533,0.7503824830055237,0.5154166666666666
95,1961,HYP,"MI, HYP",0.06626497209072113,0.9936211109161377,True,53.7,53.6,0.10000000000000142,0.05901792272925377,0.10531153529882431,0.7687387466430664,0.6545833333333333
96,2103,HYP,"STTC, HYP",0.00038241586298681796,0.9799936413764954,True,79.5,79.6,0.09999999999999432,0.08099275827407837,0.14189624786376953,0.8771688342094421,0.495
97,2104,HYP,"MI, STTC, HYP",0.000259662774624303,0.9698387980461121,True,97.5,97.4,0.09999999999999432,0.08669299632310867,0.13802887499332428,0.793555736541748,0.43483333333333335
98,2119,HYP,HYP,0.35082128643989563,0.9907254576683044,True,89.6,89.6,0.0,0.11177118122577667,0.2153455913066864,0.760591983795166,0.44966666666666666
99,2213,HYP,"STTC, HYP",0.06415894627571106,0.9921118021011353,True,52.5,52.4,0.10000000000000142,0.04914954677224159,0.09196221083402634,0.819091260433197,0.725
100,2317,HYP,"STTC, HYP",0.10878882557153702,0.9840382933616638,True,44.1,44.0,0.10000000000000142,0.05605277419090271,0.09679780155420303,0.7697830200195312,0.673
