ecg_id,true_class,confidence,dominant_territory,dominant_attribution_pct,occlusion_raw_drop,inferior_pct,septal_pct,lateral_pct,cavity_pct
9,NORM,0.98404884,Inferior,48.74909027041049,0.05757176876068115,48.74909027041049,19.079944159510802,29.13415950070608,3.036806069372622
38,NORM,0.93987966,Antero-Septal,69.85192262238208,0.27179908752441406,16.243506382598046,69.85192262238208,13.904570995019869,0.0
40,NORM,0.9616785,Antero-Septal,76.20871437058213,0.20713454484939575,23.44861252039734,76.20871437058213,0.3426731090205308,0.0
57,NORM,0.99591666,Lateral,52.00915920165588,0.01818186044692993,34.31989688225686,13.075391209757994,52.00915920165588,0.5955527063292607
59,NORM,0.98388,Antero-Septal,40.46366161980717,0.04377114772796631,20.59676294233488,40.46366161980717,29.537737938725783,9.401837499132164
63,MI,0.76793975,Antero-Septal,100.0,0.7476831078529358,0.0,100.0,0.0,0.0
65,CD,0.9943171,Antero-Septal,99.4459281622791,0.9218219518661499,0.5540718377208929,99.4459281622791,0.0,0.0
75,NORM,0.9959109,Lateral,54.76747664059659,0.03841632604598999,11.750825099334822,28.069947349995072,54.76747664059659,5.41175091007352
76,NORM,0.9962047,Inferior,56.908477654637714,0.043776631355285645,56.908477654637714,37.43817706908749,2.7570528312442226,2.8962924450305714
79,NORM,0.9546914,Inferior,63.92250909201872,0.10987687110900879,63.92250909201872,12.072688990543192,18.88566942501824,5.11913249241985
93,NORM,0.9989648,Antero-Septal,58.178348548145856,0.013447046279907227,26.371911908814276,58.178348548145856,10.983289494043014,4.466450048996854
100,NORM,0.9955113,Inferior,40.824413991949,0.02990955114364624,40.824413991949,32.73411847401974,11.281000745221956,15.160466788809304
112,NORM,0.9959997,Antero-Septal,65.35655454523959,0.0593104362487793,21.234128245614496,65.35655454523959,3.9419618578721014,9.467355351273813
115,NORM,0.98970383,Lateral,62.493281108147805,0.0724172592163086,5.5802422144438815,31.92647667740832,62.493281108147805,0.0
116,STTC,0.856733,Inferior,45.93959428565944,0.19682717323303223,45.93959428565944,30.33617360546042,5.86062276568374,17.863609343196405
117,NORM,0.92797023,Antero-Septal,59.398352613964576,0.16217201948165894,23.557511150310333,59.398352613964576,12.118198747322943,4.925937488402149
119,NORM,0.9746773,Antero-Septal,72.06179855843617,0.14227372407913208,0.5505717196875354,72.06179855843617,7.1463828823729205,20.241246839503376
121,NORM,0.9729039,Antero-Septal,77.04370515087594,0.14864665269851685,8.130952336819316,77.04370515087594,10.39140379689116,4.4339387154135785
122,NORM,0.99808383,Antero-Septal,56.207983517609385,0.03580677509307861,35.92115099782274,56.207983517609385,0.6776904817375374,7.193175002830338
128,STTC,0.8490544,Inferior,100.0,0.019186019897460938,100.0,0.0,0.0,0.0
129,NORM,0.9982652,Antero-Septal,46.27183303090694,0.01855844259262085,42.378037453317106,46.27183303090694,3.329216767648847,8.020912748127111
132,NORM,0.8307455,Antero-Septal,73.20937817298731,0.3349139094352722,0.0,73.20937817298731,4.107859386557198,22.68276244045549
157,CD,0.95455486,Inferior,94.67425390798152,0.5732542276382446,94.67425390798152,0.0,5.325746092018483,0.0
160,STTC,0.9443743,Lateral,61.53960304641948,0.1893395185470581,5.983343610630503,12.18986245857358,61.53960304641948,20.287190884376436
162,MI,0.86832595,Antero-Septal,75.50474807680155,0.05839663743972778,0.0,75.50474807680155,24.495251923198452,0.0
167,STTC,0.82712907,Lateral,52.9710720426113,0.34060391783714294,47.028927957388696,0.0,52.9710720426113,0.0
172,CD,0.99492884,Antero-Septal,98.75735543902258,0.30150479078292847,0.09004189720542126,98.75735543902258,1.152602663771998,0.0
175,MI,0.9189555,Inferior,65.85164115185675,0.35210973024368286,65.85164115185675,0.0,33.53998521648508,0.6083736316581693
180,CD,0.99974626,Inferior,85.85404443818561,0.02471005916595459,85.85404443818561,12.728191470635137,0.04266132088561589,1.3751027702936383
201,NORM,0.99640983,Antero-Septal,53.150582061465215,0.02134650945663452,37.33801119600126,53.150582061465215,9.511406742533527,0.0
203,NORM,0.9964568,Inferior,47.91879030774356,0.028720200061798096,47.91879030774356,17.282269813882024,24.578909944358532,10.220029934015882
208,NORM,0.99863464,Inferior,44.27711355016247,0.010875582695007324,44.27711355016247,29.450776648846976,17.31656357455028,8.955546226440276
210,MI,0.91965324,Inferior,84.1678323911087,0.35196149349212646,84.1678323911087,3.25280593460407,9.208747964911671,3.3706137093755606
218,NORM,0.8978275,Antero-Septal,50.298292628229234,0.1351550817489624,0.0,50.298292628229234,49.70170737177077,0.0
240,MI,0.5481735,Inferior,50.14830258554994,0.18637031316757202,50.14830258554994,0.0,49.85169741445005,0.0
241,NORM,0.99866056,Inferior,80.11939357520713,0.0242387056350708,80.11939357520713,10.363007693595893,7.772600553623674,1.7449981775733159
243,NORM,0.996463,Inferior,48.748433194637904,0.016250014305114746,48.748433194637904,22.725785369569376,24.87988570590728,3.6458957298854378
252,NORM,0.9085474,Lateral,57.3239448443963,0.2157050371170044,0.0,42.676055155603706,57.3239448443963,0.0
271,MI,0.89850837,Antero-Septal,98.32686624151864,0.35779869556427,0.0,98.32686624151864,1.085780189421444,0.5873535690599083
274,MI,0.99511343,Antero-Septal,100.0,0.41574835777282715,0.0,100.0,0.0,0.0
299,STTC,0.9985428,Lateral,39.02708886550762,0.005571424961090088,27.623294420228135,10.436394608948344,39.02708886550762,22.913222105315896
318,STTC,0.9633792,Lateral,76.2691357250029,0.12316304445266724,0.0,23.730864274997092,76.2691357250029,0.0
334,NORM,0.9784374,Antero-Septal,55.496196267772255,0.12101739645004272,19.55773276129749,55.496196267772255,24.143039574559275,0.8030313963709836
336,STTC,0.9875623,Lateral,100.0,0.27671658992767334,0.0,0.0,100.0,0.0
347,STTC,0.99767274,Lateral,86.38899476766346,0.022290050983428955,0.0,13.611005232336531,86.38899476766346,0.0
361,NORM,0.99334127,Inferior,49.951736493169626,0.022485852241516113,49.951736493169626,40.40867074754809,9.639592759282284,0.0
364,NORM,0.58976424,Cavity,76.3882267715955,0.10128608345985413,7.210384276769,0.02751111401805889,16.37387783761745,76.3882267715955
388,STTC,0.9695525,Lateral,86.7595490311313,0.12450897693634033,10.252584930462827,2.9878660384058677,86.7595490311313,0.0
397,NORM,0.98734915,Lateral,46.833549948192115,0.04660767316818237,11.258362631241653,14.239681845678383,46.833549948192115,27.66840557488785
400,STTC,0.85852504,Lateral,39.417643928385864,0.11562514305114746,16.51833583638858,4.8167371389662,39.417643928385864,39.24728309625935
405,NORM,0.9823235,Antero-Septal,42.56395036376908,0.06325626373291016,8.276849527140302,42.56395036376908,27.861984326245114,21.297215782845498
417,NORM,0.72798455,Antero-Septal,64.30724288827969,0.36500659584999084,8.447949211115088,64.30724288827969,0.0,27.244807900605224
427,STTC,0.958822,Lateral,46.269947586780944,0.029687345027923584,30.027795170403348,23.702257242815712,46.269947586780944,0.0
430,MI,0.79122734,Antero-Septal,100.0,0.7301045060157776,0.0,100.0,0.0,0.0
440,NORM,0.9156223,Inferior,53.20425155246289,0.20904511213302612,53.20425155246289,39.24955381150783,3.0952776456721045,4.450916990357171
448,CD,0.9874835,Inferior,97.77003283396147,0.5618832111358643,97.77003283396147,0.0,2.2299671660385365,0.0
452,STTC,0.9912232,Lateral,59.72272082329009,0.024988174438476562,20.31414716424204,19.963132012467877,59.72272082329009,0.0
472,NORM,0.95269847,Antero-Septal,51.847381453906095,0.12266570329666138,27.070549345845297,51.847381453906095,21.082069200248608,0.0
473,NORM,0.99346995,Inferior,36.76632545560325,0.03484231233596802,36.76632545560325,11.827916411151469,26.040850983536963,25.364907149708323
478,NORM,0.50969243,Cavity,36.778776391786025,0.12437310814857483,34.790990952722176,0.0,28.4302326554918,36.778776391786025
499,STTC,0.9234001,Lateral,44.26902190228914,0.0760270357131958,0.0,36.956481751100284,44.26902190228914,18.774496346610572
504,NORM,0.9993303,Antero-Septal,49.17521546885828,0.006005823612213135,36.76050014153107,49.17521546885828,10.88081131467726,3.183473074933383
512,MI,0.5744091,Lateral,43.68426550921167,0.061812400817871094,0.0,27.43851582008674,43.68426550921167,28.87721867070158
514,MI,0.98145443,Lateral,52.002461794262715,0.06532090902328491,45.56416751209781,0.0,52.002461794262715,2.433370693639479
516,STTC,0.99832696,Inferior,72.27217647769696,0.01318901777267456,72.27217647769696,14.307131028941534,12.44116811303561,0.9795243803258984
526,MI,0.96285903,Antero-Septal,98.08765618924134,0.7770140171051025,1.9123438107586532,98.08765618924134,0.0,0.0
527,STTC,0.87971413,Lateral,64.23536025649122,0.1921921968460083,23.104469690978203,12.660170052530578,64.23536025649122,0.0
534,STTC,0.99759537,Lateral,60.47324812040197,0.010710299015045166,12.49924277608384,25.18795980318909,60.47324812040197,1.8395493003251016
559,NORM,0.97440165,Antero-Septal,65.10446611893124,0.12054342031478882,21.935470578804946,65.10446611893124,7.7723616598945515,5.187701642369251
564,MI,0.94022095,Antero-Septal,98.0509047894901,0.6492061614990234,0.0,98.0509047894901,1.8802733250603036,0.06882188544959505
569,STTC,0.74717176,Lateral,80.50903470506289,0.11326074600219727,19.49096529493711,0.0,80.50903470506289,0.0
570,NORM,0.9340331,Lateral,47.29165723807965,0.12145388126373291,17.930515085158998,16.915639385847953,47.29165723807965,17.862188290913394
573,STTC,0.98466176,Inferior,52.597151301682565,0.09737354516983032,52.597151301682565,0.0,46.06372223903566,1.3391264592817724
581,MI,0.8938181,Antero-Septal,99.24337486501948,0.1933727264404297,0.0,99.24337486501948,0.0,0.7566251349805292
582,NORM,0.99679106,Lateral,44.81219536328399,0.012417495250701904,25.880945927923975,28.418922000094643,44.81219536328399,0.8879367086973917
584,NORM,0.9744883,Inferior,51.00062705809659,0.09293299913406372,51.00062705809659,33.63151030720613,12.787961792960923,2.579900841736359
598,CD,0.9397241,Lateral,60.638300073451056,0.06987428665161133,3.8747504215677147,24.002306984058016,60.638300073451056,11.484642520923208
611,NORM,0.92403185,Antero-Septal,51.95301462911864,0.1605587601661682,46.663168067938386,51.95301462911864,0.0,1.3838173029429695
618,CD,0.98716366,Antero-Septal,30.81820377519148,0.022435903549194336,23.79148432734701,30.81820377519148,30.759827901702565,14.630483995758947
619,NORM,0.5470642,Inferior,82.65952764934637,0.13680332899093628,82.65952764934637,0.0,0.0,17.340472350653627
685,MI,0.58791393,Lateral,88.54075915326018,0.09074252843856812,0.0,0.0,88.54075915326018,11.459240846739814
687,NORM,0.90075135,Inferior,40.86765121915787,0.12743371725082397,40.86765121915787,38.09134317630957,3.748327433154671,17.29267817137789
688,STTC,0.8099693,Antero-Septal,52.04582505646715,0.14631271362304688,12.995766527388449,52.04582505646715,28.593400260661657,6.365008155482747
694,NORM,0.9830351,Inferior,64.47535904953999,0.09172230958938599,64.47535904953999,27.4206672091131,1.616990360821848,6.486983380525056
696,NORM,0.98749906,Lateral,34.04456228102629,0.03197669982910156,29.262344548891146,17.800861394438567,34.04456228102629,18.892231775644
707,STTC,0.7750285,Inferior,52.008491000624055,0.22576934099197388,52.008491000624055,41.5545780896759,0.0,6.436930909700048
723,MI,0.95136654,Antero-Septal,100.0,0.33030277490615845,0.0,100.0,0.0,0.0
726,NORM,0.5491702,Cavity,79.02612553932721,0.11140385270118713,20.973874460672796,0.0,0.0,79.02612553932721
732,NORM,0.9868233,Inferior,60.22039245396867,0.08518475294113159,60.22039245396867,34.577689983360166,5.201917562671154,0.0
751,NORM,0.97412044,Inferior,43.33598982302541,0.06903654336929321,43.33598982302541,26.27822052605979,4.976428330901336,25.409361320013467
756,STTC,0.76565015,Cavity,55.28022733643534,0.17008709907531738,13.355201944347206,31.364570719217454,0.0,55.28022733643534
758,NORM,0.97947776,Antero-Septal,27.392703492979358,0.03554123640060425,24.924763241370915,27.392703492979358,20.519938717242553,27.162594548407178
764,NORM,0.9954656,Inferior,73.55911670955948,0.04799187183380127,73.55911670955948,12.379166975001576,0.8570340100256809,13.204682305413264
765,MI,0.8350971,Antero-Septal,99.2510566684692,0.34154027700424194,0.0,99.2510566684692,0.7489433315307931,0.0
775,NORM,0.9734586,Antero-Septal,67.50647752745338,0.11400175094604492,0.0,67.50647752745338,15.610902929031854,16.88261954351476
779,NORM,0.99554414,Lateral,48.14771427834476,0.026702940464019775,16.443160030608123,12.594253239216227,48.14771427834476,22.814872451830897
789,CD,0.9967295,Inferior,98.61609003950998,0.7371352314949036,98.61609003950998,0.0,1.383909960490017,0.0
806,CD,0.95600194,Antero-Septal,96.12874657475977,0.7260342240333557,0.0,96.12874657475977,0.44467947990486273,3.4265739453353676
821,MI,0.70292586,Cavity,37.67109393364424,0.08644694089889526,26.56651095258318,0.0,35.76239511377258,37.67109393364424
848,NORM,0.95437694,Antero-Septal,76.56382388498403,0.30738407373428345,12.744303754620399,76.56382388498403,0.0,10.691872360395575
854,MI,0.9261042,Antero-Septal,100.0,0.41802477836608887,0.0,100.0,0.0,0.0
886,NORM,0.76435417,Inferior,45.20824183173683,0.21031421422958374,45.20824183173683,19.07819177641306,35.71356639185011,0.0
911,NORM,0.99633753,Inferior,60.036295363889195,0.033659398555755615,60.036295363889195,28.24415064170714,5.195531438971908,6.524022555431759
917,NORM,0.9979838,Inferior,60.311282754590046,0.03247654438018799,60.311282754590046,31.054998599769984,5.215497059516971,3.418221586123001
928,NORM,0.9952892,Lateral,48.35917733670125,0.027775168418884277,13.976724830376028,37.66409783292272,48.35917733670125,0.0
931,NORM,0.9756894,Antero-Septal,40.717429839526716,0.05176687240600586,31.08715740202897,40.717429839526716,8.844197593721152,19.35121516472316
935,NORM,0.99404174,Antero-Septal,43.388671209845384,0.028856754302978516,39.569210583861796,43.388671209845384,7.079508017479647,9.96261018881317
943,MI,0.9982316,Antero-Septal,99.68438407877284,0.20977342128753662,0.0,99.68438407877284,0.3156159212271605,0.0
947,MI,0.7846386,Antero-Septal,98.30906979487933,0.24982106685638428,0.0,98.30906979487933,0.0,1.6909302051206634
949,NORM,0.99217856,Antero-Septal,61.298931951945825,0.0526239275932312,18.841053648186374,61.298931951945825,19.860014399867804,0.0
950,CD,0.99832386,Antero-Septal,98.89689286968766,0.15422558784484863,0.26774073829174144,98.89689286968766,0.7601085028419504,0.0752578891786494
952,NORM,0.91465294,Inferior,40.78242794194302,0.118777334690094,40.78242794194302,2.3552366687043356,29.394759187058188,27.467576202294453
958,NORM,0.9665731,Cavity,44.42987398156798,0.07231754064559937,19.312023512601296,21.838873791513155,14.419228714317573,44.42987398156798
959,MI,0.9209968,Antero-Septal,86.92163869570201,0.2991575598716736,0.0,86.92163869570201,7.9195705311314,5.158790773166578
963,STTC,0.99656796,Lateral,56.44382926727709,0.023431003093719482,2.512000022973421,40.184677589571216,56.44382926727709,0.8594931201782738
968,MI,0.97757804,Antero-Septal,98.62099717291628,0.22516411542892456,0.0,98.62099717291628,1.3790028270837178,0.0
975,MI,0.97426355,Antero-Septal,94.4627068163941,0.3022093176841736,0.0,94.4627068163941,2.607238233780635,2.9300549498252613
1009,STTC,0.90306723,Antero-Septal,60.24006987198528,0.3322959542274475,0.7489108975509471,60.24006987198528,39.01101923046377,0.0
1013,STTC,0.9877642,Lateral,71.21055773380313,0.04742616415023804,0.0,28.78944226619687,71.21055773380313,0.0
1016,NORM,0.9964478,Cavity,36.90753494697197,0.016564905643463135,22.402051532673394,26.508569743877143,14.181843776477493,36.90753494697197
1031,NORM,0.8271775,Antero-Septal,53.50081756851874,0.05889701843261719,0.0,53.50081756851874,0.0,46.49918243148126
1051,NORM,0.83047765,Cavity,45.69172405939627,0.13416850566864014,41.675068614497654,10.29052030909966,2.3426870170064085,45.69172405939627
1054,NORM,0.9978491,Lateral,34.332858667241716,0.011008024215698242,20.383810292198497,30.537141072497498,34.332858667241716,14.746189968062284
1061,NORM,0.98386616,Inferior,52.40996687407673,0.055827438831329346,52.40996687407673,28.973320202336723,0.0,18.616712923586554
1068,STTC,0.9622476,Antero-Septal,56.54017567392151,0.0957990288734436,29.119171421907637,56.54017567392151,4.690196094985916,9.650456809184941
1078,NORM,0.98975706,Inferior,57.859264105900856,0.08549273014068604,57.859264105900856,28.724468515101663,13.416267378997482,0.0
1084,NORM,0.79117584,Inferior,52.40435582755527,0.27351444959640503,52.40435582755527,39.86631713763819,0.0,7.729327034806537
1093,MI,0.9614307,Inferior,88.21311475409837,0.08371120691299438,88.21311475409837,2.037497644620313,1.1941460963507318,8.555241504930596
1094,NORM,0.9988901,Inferior,40.59770420207743,0.009840309619903564,40.59770420207743,22.02131531318854,24.362114416115833,13.018866068618193
1100,NORM,0.98062825,Lateral,72.516296408972,0.12815284729003906,17.031269340760634,5.414620375545082,72.516296408972,5.037813874722294
1101,NORM,0.99667066,Inferior,65.1608957298345,0.023305177688598633,65.1608957298345,10.782488705051438,16.360718410391186,7.69589715472288
1113,NORM,0.9893026,Antero-Septal,41.494450022582704,0.06357645988464355,25.438398226683695,41.494450022582704,33.0671517507336,0.0
1120,CD,0.9921708,Antero-Septal,98.8368307595766,0.5797997713088989,1.0034034064953286,98.8368307595766,0.09250242635977754,0.06726340756829166
1133,NORM,0.9949195,Inferior,53.39195695641455,0.02672290802001953,53.39195695641455,14.410740889381653,24.076016991641133,8.121285162562655
1147,NORM,0.9801892,Lateral,41.275968125503105,0.04281926155090332,30.351213564759938,20.473773751745956,41.275968125503105,7.899044557991003
1166,NORM,0.98694706,Antero-Septal,73.30726312487472,0.12578070163726807,10.138791379392401,73.30726312487472,7.863096319542895,8.690849176189982
1169,NORM,0.9938778,Inferior,65.49750862056509,0.05673271417617798,65.49750862056509,19.790794316861074,2.843220977545587,11.868476085028258
1172,NORM,0.5562693,Inferior,84.82254285753893,0.29905474185943604,84.82254285753893,0.0,15.177457142461058,0.0
1175,STTC,0.98431337,Cavity,47.54412296657431,0.1044301986694336,11.011156009648587,0.0,41.444721023777106,47.54412296657431
1197,NORM,0.9795716,Lateral,57.56115062895816,0.08443659543991089,2.7179005418003834,18.20167294175585,57.56115062895816,21.519275887485605
1200,MI,0.95321995,Inferior,70.09012477115402,0.33099496364593506,70.09012477115402,0.0,29.909875228845983,0.0
1219,HYP,0.88230175,Lateral,50.53269443728403,0.11252224445343018,30.528673899886478,3.517461632911016,50.53269443728403,15.421170029918475
1246,NORM,0.99599326,Inferior,53.08819451779867,0.03834426403045654,53.08819451779867,19.52035689764445,18.621758476814197,8.769690107742685
1251,NORM,0.79327166,Inferior,85.55744913672827,0.20859628915786743,85.55744913672827,0.0,0.0,14.442550863271734
1266,NORM,0.998892,Inferior,71.79718455046226,0.029226303100585938,71.79718455046226,19.81840438336267,2.179381678785731,6.20502938738934
1275,MI,0.9247437,Antero-Septal,100.0,0.3781529664993286,0.0,100.0,0.0,0.0
1280,NORM,0.9948915,Inferior,44.40626933475722,0.024983227252960205,44.40626933475722,24.705793858645446,24.554082229398155,6.333854577199183
1282,NORM,0.64391047,Lateral,63.482434015652125,0.26838719844818115,12.102701689137273,24.41486429521061,63.482434015652125,0.0
1287,NORM,0.99494886,Antero-Septal,53.04968637452592,0.041694581508636475,38.26685808020713,53.04968637452592,8.68345554526695,0.0
1307,HYP,0.82106,Lateral,74.14464345051954,0.37378767132759094,3.138822240544236,22.716534308936225,74.14464345051954,0.0
1311,NORM,0.9987999,Lateral,46.86542364109339,0.006152987480163574,12.988663861006314,23.08631718489665,46.86542364109339,17.059595313003644
1315,NORM,0.99510926,Inferior,44.12475702449583,0.03243231773376465,44.12475702449583,3.1850976645968974,39.69382450944695,12.996320801460326
1320,MI,0.9747629,Antero-Septal,88.6845365698589,0.12970072031021118,11.315463430141095,88.6845365698589,0.0,0.0
1343,MI,0.8853484,Inferior,65.886203333852,0.3730297088623047,65.886203333852,11.685684152591032,18.628580741023974,3.7995317725329993
1351,NORM,0.94900763,Inferior,55.75944644291857,0.22064709663391113,55.75944644291857,29.003318896320113,0.0,15.237234660761317
1353,NORM,0.6470547,Inferior,65.70403610066322,0.21115335822105408,65.70403610066322,34.29596389933678,0.0,0.0
1355,NORM,0.91918766,Lateral,72.16235355946232,0.25224071741104126,9.05915359615825,0.0,72.16235355946232,18.77849284437943
1377,STTC,0.85329807,Cavity,48.96794564138379,0.2509172558784485,9.357945029530638,8.022139313147141,33.651970015938424,48.96794564138379
1391,MI,0.9719473,Antero-Septal,80.924382256624,0.06545621156692505,0.0,80.924382256624,19.075617743376007,0.0
1394,STTC,0.99430686,Lateral,83.29711696322875,0.043366074562072754,10.730502121462607,0.0,83.29711696322875,5.972380915308649
1405,MI,0.93388456,Antero-Septal,100.0,0.8035756945610046,0.0,100.0,0.0,0.0
1416,CD,0.5532653,Inferior,96.96232310098813,0.33799415826797485,96.96232310098813,0.0,3.0376768990118754,0.0
1426,STTC,0.87658817,Lateral,66.0821097884907,0.09949922561645508,28.697493794856165,5.220396416653141,66.0821097884907,0.0
1429,STTC,0.9928646,Lateral,89.71841575009971,0.12362158298492432,4.150181727261166,2.8048982007227563,89.71841575009971,3.326504321916368
1456,STTC,0.98276997,Inferior,53.81642783649162,0.037660300731658936,53.81642783649162,16.51428892659294,28.339363710078562,1.3299195268368802
1458,NORM,0.68657136,Cavity,50.25389705652154,0.2181427776813507,4.764965515423176,0.0,44.98113742805529,50.25389705652154
1468,NORM,0.9517988,Antero-Septal,64.01729096067179,0.14368760585784912,26.365315892244322,64.01729096067179,9.617393147083902,0.0
1479,NORM,0.99643755,Inferior,53.09965766042919,0.035390496253967285,53.09965766042919,35.008513774070195,0.54802949056867,11.343799074931942
1480,MI,0.752713,Inferior,100.0,0.41284993290901184,100.0,0.0,0.0,0.0
1487,NORM,0.9384944,Lateral,57.314434636206045,0.16427361965179443,10.93669416152871,23.233539683437535,57.314434636206045,8.515331518827713
1491,NORM,0.8326092,Antero-Septal,65.31517941357079,0.15329664945602417,10.345326744652029,65.31517941357079,0.0,24.339493841777177
1494,NORM,0.99646074,Inferior,51.83133996674742,0.0264970064163208,51.83133996674742,23.538204314439685,13.738839051485522,10.891616667327366
1498,NORM,0.99915123,Antero-Septal,48.30945679410959,0.00820469856262207,29.61030118832869,48.30945679410959,18.815321227775865,3.2649207897858483
1522,HYP,0.9086073,Lateral,90.43157557512667,0.5163626074790955,8.881455159780117,0.0,90.43157557512667,0.6869692650932033
1556,MI,0.9121806,Inferior,82.37849076711501,0.21811389923095703,82.37849076711501,16.89129335129176,0.0,0.7302158815932335
1564,CD,0.9660383,Antero-Septal,50.8783744991599,0.12729883193969727,9.274514096658239,50.8783744991599,15.042534037116068,24.804577367065797
1571,MI,0.98952174,Inferior,94.10488233044396,0.4250233769416809,94.10488233044396,1.3318278049242709,4.563289864631774,0.0
1589,NORM,0.88066405,Lateral,60.64430892499924,0.2680438160896301,26.196351979079264,0.0,60.64430892499924,13.1593390959215
1617,NORM,0.92402625,Cavity,51.17525509988852,0.08315342664718628,0.0,42.652055747262835,6.172689152848641,51.17525509988852
1618,NORM,0.98767054,Antero-Septal,47.33526411290726,0.042308807373046875,28.35338467704344,47.33526411290726,10.60319412203656,13.70815708801274
1624,STTC,0.9697235,Lateral,35.35558532108436,0.02336353063583374,21.40376037847321,34.56084570181254,35.35558532108436,8.679808598629883
1630,NORM,0.99427867,Inferior,66.22009591823651,0.05048269033432007,66.22009591823651,9.221770656275263,14.741213098296646,9.816920327191585
1632,NORM,0.95269316,Inferior,43.595084415627184,0.13019031286239624,43.595084415627184,17.003398420324338,18.28548527035175,21.116031893696725
1639,NORM,0.9714157,Inferior,54.506720101183134,0.13408571481704712,54.506720101183134,28.271624381840343,9.101733148864719,8.119922368111805
1655,NORM,0.78630906,Lateral,40.81681583377475,0.19441986083984375,32.06567882640442,27.11750533982083,40.81681583377475,0.0
1697,NORM,0.99454194,Lateral,54.15747432483834,0.022913575172424316,17.81835087274418,10.577321330459407,54.15747432483834,17.446853471958075
1700,NORM,0.93707246,Cavity,37.48627130931554,0.1029399037361145,13.57740376893257,27.48661859635262,21.44970632539927,37.48627130931554
1705,NORM,0.90387243,Inferior,45.65374728227241,0.0927925705909729,45.65374728227241,26.328277446042808,0.0,28.01797527168478
1708,NORM,0.9779219,Lateral,49.182409576470114,0.04938000440597534,0.5528174574433855,34.229267267531114,49.182409576470114,16.035505698555387
1737,MI,0.99774444,Inferior,91.67791607684751,0.04995155334472656,91.67791607684751,1.6862081866534226,6.516307451303,0.11956828519606794
1741,NORM,0.9982803,Inferior,43.609828191391095,0.009849190711975098,43.609828191391095,41.08257897653797,15.30759283207094,0.0
1746,NORM,0.9892595,Antero-Septal,39.16548766387523,0.03791731595993042,34.55691043395922,39.16548766387523,1.5931621532100273,24.68443974895552
1747,MI,0.9893167,Inferior,99.09576344807726,0.5827486515045166,99.09576344807726,0.02225800576174224,0.7472040914187786,0.13477445474220698
1757,NORM,0.9979164,Inferior,46.13437255161326,0.013512492179870605,46.13437255161326,38.93425859033975,12.1564118479024,2.7749570101445884
1769,MI,0.86412245,Inferior,74.58025678839755,0.33934909105300903,74.58025678839755,0.0,25.41974321160245,0.0
1775,NORM,0.9985775,Antero-Septal,46.33150440219472,0.014716863632202148,39.054372546517655,46.33150440219472,4.279473688160986,10.334649363126648
1780,NORM,0.97197086,Inferior,74.19355627313462,0.14471572637557983,74.19355627313462,9.609882341005427,12.612978212168782,3.583583173691176
1785,HYP,0.764357,Inferior,77.88496796074908,0.2029462456703186,77.88496796074908,0.0,22.115032039250913,0.0
1790,NORM,0.8921189,Inferior,71.96291574431093,0.4497906565666199,71.96291574431093,28.037084255689077,0.0,0.0
1792,STTC,0.77760065,Lateral,78.60152035721178,0.255143940448761,0.0,0.0,78.60152035721178,21.398479642788217
1812,MI,0.71754444,Antero-Septal,100.0,0.4729405641555786,0.0,100.0,0.0,0.0
1825,NORM,0.98734426,Inferior,68.36878952651041,0.08189189434051514,68.36878952651041,11.11651304334412,2.278249714242208,18.23644771590326
1835,NORM,0.99158466,Inferior,50.37853959445672,0.04246705770492554,50.37853959445672,16.13659810033721,17.7888507768423,15.696011528363776
1838,NORM,0.838551,Lateral,64.32326066825112,0.23532617092132568,0.0,12.435605347208147,64.32326066825112,23.24113398454072
1843,NORM,0.9873373,Inferior,81.25527436376187,0.1450263261795044,81.25527436376187,5.751231366697646,7.036013781555598,5.957480487984887
1850,NORM,0.63049144,Inferior,42.78485509377172,0.23775938153266907,42.78485509377172,14.440709994638674,31.421509669344506,11.352925242245103
1853,MI,0.9971322,Inferior,67.4216143726379,0.0145035982131958,67.4216143726379,28.303057842995997,0.0,4.275327784366099
1857,NORM,0.9398454,Antero-Septal,46.23858319053306,0.11464154720306396,24.377977409670414,46.23858319053306,16.386306944612727,12.997132455183793
1860,NORM,0.9820519,Lateral,75.24692620050388,0.14259326457977295,13.853879325258156,9.05019674203989,75.24692620050388,1.8489977321980693
1864,STTC,0.9899262,Lateral,97.62083314399602,0.2010364532470703,0.0,2.3791668560039803,97.62083314399602,0.0
1867,NORM,0.99792945,Inferior,50.41629724445279,0.020471692085266113,50.41629724445279,23.49628033421212,18.623283287632624,7.464139133702462
1870,NORM,0.94613254,Antero-Septal,42.882114275748975,0.11930316686630249,29.551064760599722,42.882114275748975,27.5668209636513,0.0
1885,NORM,0.9834274,Antero-Septal,55.73269600148202,0.05451309680938721,9.646449011826878,55.73269600148202,15.31436775445336,19.306487232237746
1899,NORM,0.9504097,Inferior,87.58490974285722,0.34164315462112427,87.58490974285722,0.15396599973534228,0.09817700955732178,12.162947247850115
1901,MI,0.9565493,Antero-Septal,99.75307790869155,0.9245543479919434,0.0,99.75307790869155,0.0,0.24692209130844014
1920,STTC,0.80613434,Antero-Septal,95.28150388671625,0.09806758165359497,0.0,95.28150388671625,4.7184961132837495,0.0
1933,NORM,0.99777645,Inferior,65.40043895636241,0.013445138931274414,65.40043895636241,17.70756924290175,16.891991800735845,0.0
1938,NORM,0.9323117,Inferior,45.091254205477924,0.13105988502502441,45.091254205477924,40.29459980337865,14.614145991143426,0.0
1940,STTC,0.9753288,Antero-Septal,61.63650795150668,0.03887969255447388,16.257736537244043,61.63650795150668,3.3997297527142845,18.706025758534995
1944,MI,0.98532724,Inferior,92.78381997538901,0.2567991018295288,92.78381997538901,0.0,0.0,7.216180024610989
1946,NORM,0.98322475,Lateral,46.71564749615454,0.06268835067749023,6.861195270230354,46.4231572336151,46.71564749615454,0.0
1950,MI,0.99842227,Inferior,96.93430017306723,0.11868131160736084,96.93430017306723,1.2606889098224783,1.2780199745389134,0.526990942571375
1958,NORM,0.9882091,Inferior,69.47452418531661,0.0916445255279541,69.47452418531661,25.0186277251944,0.41285997598842167,5.093988113500571
1961,MI,0.881351,Antero-Septal,100.0,0.7828608155250549,0.0,100.0,0.0,0.0
