epoch,loss,lr,mse_loss,phys_loss,val_loss,val_mse_loss,val_phys_loss
0,0.25019505620002747,0.0003,0.0569242425262928,193.2708282470703,0.3657549321651459,0.061177995055913925,304.5769958496094
1,0.19846755266189575,0.0003,0.059283819049596786,139.18377685546875,0.203264057636261,0.09980606287717819,103.45799255371094
2,0.16838344931602478,0.0003,0.055533550679683685,112.84996032714844,0.16480854153633118,0.06903053820133209,95.77801513671875
3,0.13680380582809448,0.0003,0.05197961628437042,84.82415771484375,0.14302918314933777,0.048229798674583435,94.79940032958984
4,0.30541279911994934,0.0003,0.07510235160589218,230.31048583984375,8.931268692016602,0.8712248206138611,8060.0439453125
5,0.17923635244369507,0.0003,0.08962554484605789,89.6107177734375,0.1757585108280182,0.07260251045227051,103.15602111816406
6,0.1255151927471161,0.0003,0.06358200311660767,61.933162689208984,0.17500051856040955,0.057170670479536057,117.82984161376953
7,0.17098119854927063,0.0003,0.08925960212945938,81.72151184082031,0.12033605575561523,0.07128683477640152,49.04920959472656
8,0.14081424474716187,0.0003,0.0701640322804451,70.65026092529297,0.103577621281147,0.06366132199764252,39.916316986083984
9,0.11332427710294724,0.0003,0.06374000757932663,49.58427810668945,0.1220557764172554,0.05617865175008774,65.87714385986328
