epoch,accuracy,auc,loss,lr,val_accuracy,val_auc,val_loss
0,0.7505306005477905,0.8285548090934753,0.7815627455711365,0.0003,0.7880474328994751,0.7923917770385742,1.0719279050827026
1,0.798416793346405,0.8766748309135437,0.6792660355567932,0.0003,0.8462591171264648,0.8910505175590515,0.7441239953041077
2,0.8107612133026123,0.891456127166748,0.6423016786575317,0.0003,0.8486313819885254,0.9113186597824097,0.6230109333992004
3,0.8204095959663391,0.8988416790962219,0.6237630248069763,0.0003,0.8535584211349487,0.9181337356567383,0.5695077776908875
4,0.8277634382247925,0.9049520492553711,0.6069039702415466,0.0003,0.849452555179596,0.9200713038444519,0.5626170635223389
5,0.8341192007064819,0.9117307662963867,0.5873100161552429,0.0003,0.8357664346694946,0.9216933250427246,0.5682563781738281
6,0.8374462127685547,0.915736198425293,0.5755279064178467,0.0003,0.8686131238937378,0.9256333112716675,0.5744541883468628
7,0.8424482345581055,0.9192526936531067,0.5648643374443054,0.0003,0.8615875840187073,0.9267724752426147,0.5445212721824646
8,0.8430103659629822,0.9204867482185364,0.561371386051178,0.0003,0.8661496639251709,0.9257453083992004,0.5823732018470764
9,0.8463718295097351,0.9246304631233215,0.5476199388504028,0.0003,0.8590328693389893,0.9299421310424805,0.5289508700370789
10,0.8493661284446716,0.926810085773468,0.5402430891990662,0.0003,0.8392335772514343,0.9270491600036621,0.5507317185401917
11,0.849836528301239,0.9277723431587219,0.5368601679801941,0.0003,0.8664233684539795,0.9287105798721313,0.5448204874992371
12,0.8552056550979614,0.9316253662109375,0.5230797529220581,0.0003,0.8708941340446472,0.9304710626602173,0.5502721667289734
13,0.860276460647583,0.9367515444755554,0.5050815939903259,0.00015,0.8752737045288086,0.9322935938835144,0.5443205833435059
14,0.8640509247779846,0.9393607974052429,0.49476125836372375,0.00015,0.8683394193649292,0.9323781132698059,0.5364254713058472
15,0.8651522994041443,0.9419428110122681,0.48481789231300354,0.00015,0.8735401630401611,0.9311105608940125,0.5665035843849182
16,0.8698216080665588,0.943924069404602,0.4770568609237671,7.5e-05,0.8693430423736572,0.9327604174613953,0.5310874581336975
17,0.8715310096740723,0.9459924697875977,0.46826863288879395,7.5e-05,0.8683394193649292,0.931536078453064,0.5429962873458862
18,0.8724488019943237,0.946704089641571,0.46474555134773254,7.5e-05,0.8745437860488892,0.9313518404960632,0.5610146522521973
19,0.8749727606773376,0.9489343762397766,0.45613735914230347,3.75e-05,0.8736313581466675,0.9323006868362427,0.5488252639770508
20,0.8766592144966125,0.9494592547416687,0.4535326361656189,3.75e-05,0.8774635195732117,0.931510329246521,0.5738036036491394
21,0.8758905529975891,0.9495033025741577,0.452964186668396,3.75e-05,0.8757299184799194,0.9311621785163879,0.5715181827545166
